{
  "baseline": {
    "accuracy": 0.504,
    "classification_report": {
      "negative": {
        "precision": 0.6944444444444444,
        "recall": 0.4752851711026616,
        "f1-score": 0.5643340857787811,
        "support": 263.0
      },
      "neutral": {
        "precision": 0.22522522522522523,
        "recall": 0.3333333333333333,
        "f1-score": 0.26881720430107525,
        "support": 75.0
      },
      "positive": {
        "precision": 0.48792270531400966,
        "recall": 0.63125,
        "f1-score": 0.5504087193460491,
        "support": 160.0
      },
      "accuracy": 0.5040160642570282,
      "macro avg": {
        "precision": 0.4691974583278931,
        "recall": 0.47995616814533165,
        "f1-score": 0.46118666980863515,
        "support": 498.0
      },
      "weighted avg": {
        "precision": 0.5574265333956272,
        "recall": 0.5040160642570282,
        "f1-score": 0.5153545180276464,
        "support": 498.0
      }
    },
    "confusion_matrix": [
      [
        125,
        62,
        76
      ],
      [
        20,
        25,
        30
      ],
      [
        35,
        24,
        101
      ]
    ],
    "labels": [
      "negative",
      "neutral",
      "positive"
    ]
  },
  "finetuned": {
    "accuracy": 0.9644,
    "classification_report": {
      "negative": {
        "precision": 0.9683544303797469,
        "recall": 0.9807692307692307,
        "f1-score": 0.9745222929936306,
        "support": 156.0
      },
      "neutral": {
        "precision": 0.8333333333333334,
        "recall": 0.625,
        "f1-score": 0.7142857142857143,
        "support": 16.0
      },
      "positive": {
        "precision": 0.9759036144578314,
        "recall": 1.0,
        "f1-score": 0.9878048780487805,
        "support": 81.0
      },
      "accuracy": 0.9644268774703557,
      "macro avg": {
        "precision": 0.9258637927236372,
        "recall": 0.8685897435897436,
        "f1-score": 0.8922042951093752,
        "support": 253.0
      },
      "weighted avg": {
        "precision": 0.9622324792239454,
        "recall": 0.9644268774703557,
        "f1-score": 0.9623171709783755,
        "support": 253.0
      }
    },
    "confusion_matrix": [
      [
        153,
        2,
        1
      ],
      [
        5,
        10,
        1
      ],
      [
        0,
        0,
        81
      ]
    ],
    "labels": [
      "negative",
      "neutral",
      "positive"
    ]
  },
  "accuracy_comparison": [
    {
      "model": "Pre-trained baseline (text-only)",
      "accuracy": 0.504
    },
    {
      "model": "Fine-tuned (text+emotion context)",
      "accuracy": 0.9644
    }
  ],
  "leakage_story": {
    "original_overlap": 211,
    "after_cleaning": 0,
    "true_duplicates": 214,
    "context_variants": 28
  },
  "misclassified_examples": [
    {
      "pidgin_text": "See your life",
      "emotion_category": "neutral",
      "true_sentiment": "negative",
      "predicted_sentiment": "neutral"
    },
    {
      "pidgin_text": "I wan my own house bad bad",
      "emotion_category": "craving",
      "true_sentiment": "negative",
      "predicted_sentiment": "positive"
    },
    {
      "pidgin_text": "How you take calculate this one?",
      "emotion_category": "market_energy",
      "true_sentiment": "negative",
      "predicted_sentiment": "neutral"
    },
    {
      "pidgin_text": "I no dey",
      "emotion_category": "forming",
      "true_sentiment": "neutral",
      "predicted_sentiment": "negative"
    },
    {
      "pidgin_text": "Na me know myself",
      "emotion_category": "forming",
      "true_sentiment": "neutral",
      "predicted_sentiment": "negative"
    },
    {
      "pidgin_text": "I no care wetin them do",
      "emotion_category": "forming",
      "true_sentiment": "neutral",
      "predicted_sentiment": "negative"
    },
    {
      "pidgin_text": "E no do anything to me",
      "emotion_category": "forming",
      "true_sentiment": "neutral",
      "predicted_sentiment": "negative"
    },
    {
      "pidgin_text": "I no send the whole thing",
      "emotion_category": "forming",
      "true_sentiment": "neutral",
      "predicted_sentiment": "negative"
    },
    {
      "pidgin_text": "I never deliver",
      "emotion_category": "craving",
      "true_sentiment": "neutral",
      "predicted_sentiment": "positive"
    }
  ]
}